<?xml version="1.0" encoding="UTF-8" ?>
<!DOCTYPE mapper
PUBLIC "-//mybatis.org//DTD Mapper 3.0//EN"
"http://mybatis.org/dtd/mybatis-3-mapper.dtd">
<mapper namespace="com.mei.hui.miner.mapper.SysAggPowerDailyMapper">
    
    <resultMap type="SysAggPowerDaily" id="SysAggPowerDailyResult">
        <result property="id"    column="id"    />
        <result property="minerId"    column="miner_id"    />
        <result property="date"    column="date"    />
        <result property="powerAvailable"    column="power_available"    />
        <result property="powerIncrease"    column="power_increase"    />
        <result property="totalBlockAward"    column="total_block_award"    />
        <result property="blockAwardIncrease"    column="block_award_increase"    />
        <result property="totalBlocks"    column="total_blocks"    />
        <result property="blocksPerDay"    column="blocks_per_day"    />
        <result property="type"    column="type"    />
        <result property="createTime"    column="create_time"    />
        <result property="updateTime"    column="update_time"    />
        <result property="createBy"    column="create_by"    />
        <result property="updateBy"    column="update_by"    />
    </resultMap>

    <sql id="selectSysAggPowerDailyVo">
        select id, miner_id, date, power_available, power_increase,total_block_award,total_blocks,block_award_increase,blocks_per_day,type, create_time, update_time, create_by, update_by from sys_agg_power_daily
    </sql>

    <select id="selectSysAggPowerDailyList" parameterType="SysAggPowerDaily" resultMap="SysAggPowerDailyResult">
        <include refid="selectSysAggPowerDailyVo"/>
        <where>  
            <if test="minerId != null  and minerId != ''"> and miner_id = #{minerId}</if>
            <if test="date != null "> and date = #{date}</if>
            <if test="powerAvailable != null "> and power_available = #{powerAvailable}</if>
            <if test="powerIncrease != null "> and power_increase = #{powerIncrease}</if>
        </where>
    </select>
    
    <select id="selectSysAggPowerDailyById" parameterType="Long" resultMap="SysAggPowerDailyResult">
        <include refid="selectSysAggPowerDailyVo"/>
        where id = #{id}
    </select>
        
    <insert id="insertSysAggPowerDaily" parameterType="SysAggPowerDaily">
        insert into sys_agg_power_daily
        <trim prefix="(" suffix=")" suffixOverrides=",">
            <if test="id != null">id,</if>
            <if test="minerId != null and minerId != ''">miner_id,</if>
            <if test="date != null">date,</if>
            <if test="powerAvailable != null">power_available,</if>
            <if test="powerIncrease != null">power_increase,</if>
            <if test="totalBlockAward != null">total_block_award,</if>
            <if test="totalBlocks != null">total_blocks,</if>
            <if test="blockAwardIncrease != null">block_award_increase,</if>
            <if test="blocksPerDay != null">blocks_per_day,</if>
            <if test="type != null and type != ''">type,</if>
            <if test="createTime != null">create_time,</if>
            <if test="updateTime != null">update_time,</if>
            <if test="createBy != null and createBy != ''">create_by,</if>
            <if test="updateBy != null and updateBy != ''">update_by,</if>
         </trim>
        <trim prefix="values (" suffix=")" suffixOverrides=",">
            <if test="id != null">#{id},</if>
            <if test="minerId != null and minerId != ''">#{minerId},</if>
            <if test="date != null">#{date},</if>
            <if test="powerAvailable != null">#{powerAvailable},</if>
            <if test="powerIncrease != null">#{powerIncrease},</if>
            <if test="totalBlockAward != null">#{totalBlockAward},</if>
            <if test="totalBlocks != null">#{totalBlocks},</if>
            <if test="blockAwardIncrease != null">#{blockAwardIncrease},</if>
            <if test="blocksPerDay != null">#{blocksPerDay},</if>
            <if test="type != null and type != ''">#{type},</if>
            <if test="createTime != null">#{createTime},</if>
            <if test="updateTime != null">#{updateTime},</if>
            <if test="createBy != null and createBy != ''">#{createBy},</if>
            <if test="updateBy != null and updateBy != ''">#{updateBy},</if>
         </trim>
    </insert>

    <update id="updateSysAggPowerDaily" parameterType="SysAggPowerDaily">
        update sys_agg_power_daily
        <trim prefix="SET" suffixOverrides=",">
            <if test="minerId != null and minerId != ''">miner_id = #{minerId},</if>
            <if test="date != null">date = #{date},</if>
            <if test="powerAvailable != null">power_available = #{powerAvailable},</if>
            <if test="powerIncrease != null">power_increase = #{powerIncrease},</if>
            <if test="totalBlockAward != null">total_block_award = #{totalBlockAward},</if>
            <if test="totalBlocks != null">total_blocks = #{totalBlocks},</if>
            <if test="blockAwardIncrease != null">block_award_increase = #{blockAwardIncrease},</if>
            <if test="blocksPerDay != null">blocks_per_day = #{blocksPerDay},</if>
            <if test="type != null and type != ''">type = #{type},</if>
            <if test="createTime != null">create_time = #{createTime},</if>
            <if test="updateTime != null">update_time = #{updateTime},</if>
            <if test="createBy != null and createBy != ''">create_by = #{createBy},</if>
            <if test="updateBy != null and updateBy != ''">update_by = #{updateBy},</if>
        </trim>
        where id = #{id}
    </update>

    <delete id="deleteSysAggPowerDailyById" parameterType="Long">
        delete from sys_agg_power_daily where id = #{id}
    </delete>

    <delete id="deleteSysAggPowerDailyByIds" parameterType="String">
        delete from sys_agg_power_daily where id in 
        <foreach item="id" collection="array" open="(" separator="," close=")">
            #{id}
        </foreach>
    </delete>
    <select id="selectSysAggPowerDailyByMinerIdAndDate" resultMap="SysAggPowerDailyResult">
        <include refid="selectSysAggPowerDailyVo"/>
        where miner_id = #{minerId} and date = #{date} limit 1
    </select>

    <select id="selectSysAggPowerDailyByMinerIdAndRange" resultMap="SysAggPowerDailyResult">
        <include refid="selectSysAggPowerDailyVo"/>
        where miner_id = #{minerId} and date = #{date} limit 1
    </select>
    <select id="selectSysAggPowerDailyByMinerId" resultMap="SysAggPowerDailyResult">
        <include refid="selectSysAggPowerDailyVo"/>
        where miner_id = #{minerId} and date &gt;=  #{begin} and date &lt;= #{end}
        <if test="type != null and type != ''">
            and type = #{type}
        </if>
    </select>

    <!--管理员-首页-平台有效算力排行榜-查询算力按天聚合表里的挖矿效率、算力增速-->
    <select id="selectPowerAvailableByDateAndUserIdList" resultType="com.mei.hui.miner.model.PowerAvailableFilVO">
        SELECT
        SUM(d.block_award_increase) / SUM(
        d.power_available / 1024 / 1024 / 1024 / 1024
        ) miningEfficiency,
        SUM(d.power_increase) powerIncrease,
        SUM(d.total_blocks) totalBlocks
        FROM
        sys_agg_power_daily d
        WHERE
        <if test="type != null and type != ''">
            d.type = #{type}
        </if>
        <if test="yesterDayDate != null and yesterDayDate != ''">
            AND d.date = #{yesterDayDate}
        </if>
        <if test="minerIdList != null">
        AND d.miner_id IN
          <foreach item="minerId" collection="minerIdList" open="(" close=")" separator=",">
              #{minerId}
          </foreach>
        </if>
    </select>

    <!--查询算力按天聚合表里昨天所有的累计出块份数-->
    <select id="selectTotalBlocksByDate" resultType="java.lang.Long">
        SELECT
        SUM(d.total_blocks) totalBlocks
        FROM
        sys_agg_power_daily d
        WHERE
        <if test="type != null and type != ''">
            d.type = #{type}
        </if>
        <if test="yesterDayDate != null and yesterDayDate != ''">
            AND d.date = #{yesterDayDate}
        </if>
        <if test="minerId != null and minerId != ''">
            and d.miner_id = #{minerId}
        </if>
    </select>

</mapper>